username,,,,
vaishali440048_majesco,,,,
umeshrp_majesco,,,,
Michae910292_majesco,,,,
Chaita907099_majesco,,,,
Rakesh902753_majesco,,,,
anuraga1_majesco,,,,
Pradeep9873_majesco,,,,
suneelm_majesco,,,,
adityaw_majesco,,,,
syamn_majesco,,,,
Achint11877_majesco,,,,
sumit150210_majesco,,,,
Ketan664157_majesco,,,,
Vinaya902948_majesco,,,,
sandee661980_majesco,,,,
deepik150156_majesco,,,,
Jagdee903614_majesco,,,,
Bhusha902909_majesco,,,,
virend150376_majesco,,,,
Ramesh10827_majesco,,,,
Yogesh910269_majesco,,,,
Sachind87115_majesco,,,,
kedar460043_majesco,,,,
Cris908342_majesco,,,,
mahesh662697_majesco,,,,
Shweta909438_majesco,,,,
ketan662202_majesco,,,,
nachik662826_majesco,,,,
Leena12765_majesco,,,,
Shradd661459_majesco,,,,
vishal440071_majesco,,,,
ajayu_majesco,,,,
Samir10625_majesco,,,,
Anand911142_majesco,,,,
Chetan911109_majesco,,,,
Shrika910555_majesco,,,,
Onkar663100_majesco,,,,
Jayesh903032_majesco,,,,
Jeeten664151_majesco,,,,
tushark_majesco,,,,
Siva910823_majesco,,,,
Pranav87148_majesco,,,,
Sudars910142_majesco,,,,
Shital909545_majesco,,,,
Revath908371_majesco,,,,
Kiran903126_majesco,,,,
Pradeep12509_majesco,,,,
kiran662257_majesco,,,,
kunala_majesco,,,,
Vibhuti13333_majesco,,,,
Ajit909025_majesco,,,,
Amol903131_majesco,,,,
juliet440190_majesco,,,,
Venugo907347_majesco,,,,
Naresh910898_majesco,,,,
rakeshkb_majesco,,,,
Mahak911322_majesco,,,,
Somya12248_majesco,,,,
bhupen662713_majesco,,,,
mayur10719_majesco,,,,
Abhishek10402_majesco,,,,
Tushar909012_majesco,,,,
Meeti906485_majesco,,,,
Neha908375_majesco,,,,
Prasad902869_majesco,,,,
chetna662163_majesco,,,,
Prasad906937_majesco,,,,
Sugany910097_majesco,,,,
Raghu909426_majesco,,,,
neena662546_majesco,,,,
reshma662141_majesco,,,,
vikasvp_majesco,,,,
Mandeep12729_majesco,,,,
Jyoti903013_majesco,,,,
Gurpal911146_majesco,,,,
Dharmendra10914_majesco,,,,
Venkat905442_majesco,,,,
Bhupin908956_majesco,,,,
piyush440054_majesco,,,,
Ravi907085_majesco,,,,
Nisha909364_majesco,,,,
Rahim909805_majesco,,,,
Ankit911126_majesco,,,,
shrinivask_majesco,,,,
amit10860_majesco,,,,
kamalas_majesco,,,,
NavyaS908171_majesco,,,,
Nutan661795_majesco,,,,
Nitin905420_majesco,,,,
denny10818_majesco,,,,
Mohamm907065_majesco,,,,
Priyan910758_majesco,,,,
Pratik908700_majesco,,,,
Prasha906380_majesco,,,,
vikass_majesco,,,,
mahesh662944_majesco,,,,
Sayali911098_majesco,,,,
Hitesh909800_majesco,,,,
Ambar10895_majesco,,,,
rakeshgg_majesco,,,,
Savan908696_majesco,,,,
nitin440243_majesco,,,,
Rakesh906256_majesco,,,,
gangadharav_majesco,,,,
Sheeta663626_majesco,,,,
preetib_majesco,,,,
Renuka902638_majesco,,,,
M911070_majesco,,,,
omkarb_majesco,,,,
neerajy_majesco,,,,
Arvind10905_majesco,,,,
Shaik908554_majesco,,,,
Atharv906719_majesco,,,,
Omkar906232_majesco,,,,
pradeepm2_majesco,,,,
Rohan12704_majesco,,,,
Rupesh909987_majesco,,,,
Nikhil909294_majesco,,,,
arvind662828_majesco,,,,
Tawkee902648_majesco,,,,
Jasmin911009_majesco,,,,
Vimal10255_majesco,,,,
Monali10403_majesco,,,,
Novil904458_majesco,,,,
Prasha906722_majesco,,,,
kesavan440062_majesco,,,,
rajend661763_majesco,,,,
Nallam909974_majesco,,,,
Thulas910990_majesco,,,,
Chandr909245_majesco,,,,
pankaj662705_majesco,,,,
padmak662000_majesco,,,,
Gomath908539_majesco,,,,
Trupti904046_majesco,,,,
Mausha910599_majesco,,,,
prasha662429_majesco,,,,
Rashme906056_majesco,,,,
rupeshk_majesco,,,,
Yatin12512_majesco,,,,
Rajesh909938_majesco,,,,
Pushka910970_majesco,,,,
Akash664138_majesco,,,,
snehal662745_majesco,,,,
Ragini909663_majesco,,,,
shailesh440012_majesco,,,,
Sourad907571_majesco,,,,
Kiran11488_majesco,,,,
prasadk2_majesco,,,,
Sheeta910557_majesco,,,,
Sangit664049_majesco,,,,
Gaurav906651_majesco,,,,
Anirba906032_majesco,,,,
hariomg_majesco,,,,
Soumya909885_majesco,,,,
Ganesh909073_majesco,,,,
Bharat663129_majesco,,,,
Sayedmo12379_majesco,,,,
Panta663839_majesco,,,,
Sarika908460_majesco,,,,
Nisha9492_majesco,,,,
Mohit907473_majesco,,,,
mahesh10797_majesco,,,,
Anil663139_majesco,,,,
dhwani150287_majesco,,,,
Angel910393_majesco,,,,
Vivek906550_majesco,,,,
TanuSh908429_majesco,,,,
Sahil911218_majesco,,,,
Keshav910909_majesco,,,,
Sameer910870_majesco,,,,
Ashapu909714_majesco,,,,
ritesh440312_majesco,,,,
shivam_majesco,,,,
Jatin911298_majesco,,,,
neeraj662941_majesco,,,,
archan662523_majesco,,,,
Mahesh910786_majesco,,,,
Rahul907447_majesco,,,,
Nirmal663759_majesco,,,,
sunil9418_majesco,,,,
sagar662703_majesco,,,,
Shubha911195_majesco,,,,
rishiraj440207_majesco,,,,
akansh662691_majesco,,,,
Tirtha906734_majesco,,,,
Prakas909680_majesco,,,,
abhayb_majesco,,,,
Vishal906289_majesco,,,,
Sanjiv663200_majesco,,,,
prashant9412_majesco,,,,
Karish910980_majesco,,,,
Mahend904479_majesco,,,,
Nimitt909488_majesco,,,,
Manisha13253_majesco,,,,
Bhushan10358_majesco,,,,
Abhiya910971_majesco,,,,
aishva662484_majesco,,,,
Nishan909457_majesco,,,,
Rajeswa13009_majesco,,,,
nimeshm_majesco,,,,
Venkat910890_majesco,,,,
vijay662499_majesco,,,,
vikasy_majesco,,,,
nitin662108_majesco,,,,
Chitra910885_majesco,,,,
Shivka902892_majesco,,,,
Bhagya910884_majesco,,,,
Shobhi902837_majesco,,,,
Balaji907739_majesco,,,,
Pranjal11126_majesco,,,,
Sumet910257_majesco,,,,
Amrita910772_majesco,,,,
Arvind907859_majesco,,,,
Naga11847_majesco,,,,
SaiPri905517_majesco,,,,
Sanjee663657_majesco,,,,
Anand41309_majesco,,,,
Ramesh905467_majesco,,,,
Radhes908510_majesco,,,,
Amarje661488_majesco,,,,
Vikas911452_majesco,,,,
Jay911102_majesco,,,,
himanshuys_majesco,,,,
Alok907809_majesco,,,,
alpa10738_majesco,,,,
ashishs1_majesco,,,,
Anand910339_majesco,,,,
Manoha903627_majesco,,,,
Subrat909583_majesco,,,,
Sandip905169_majesco,,,,
Sirees907550_majesco,,,,
syed662562_majesco,,,,
Nantha910643_majesco,,,,
Chetan909372_majesco,,,,
Rahul150573_majesco,,,,
OmPrak905974_majesco,,,,
deepuv_majesco,,,,
Chandr904697_majesco,,,,
Manas909099_majesco,,,,
Akhile661806_majesco,,,,
Sukany906944_majesco,,,,
Satya13204_majesco,,,,
Siddhi903092_majesco,,,,
Pankaj904640_majesco,,,,
manjuna41154_majesco,,,,
Kshiti150576_majesco,,,,
githubdevops_majesco,,,,
pncghdevops_majesco,,,,
Kaustu910991_majesco,,,,
Aishan908427_majesco,,,,
Nidhi905973_majesco,,,,
Ronit904005_majesco,,,,
Hung903309_majesco,,,,
Shivam907244_majesco,,,,
Shalin907240_majesco,,,,
rakesh41057_majesco,,,,
Chhoto909792_majesco,,,,
nutanc_majesco,,,,
arunk1_majesco,,,,
chetand_majesco,,,,
Pooja911376_majesco,,,,
Shreya910822_majesco,,,,
Yogesh908386_majesco,,,,
Ankita911481_majesco,,,,
dhiraj662364_majesco,,,,
Vandan909724_majesco,,,,
Diptir908165_majesco,,,,
Gautam908020_majesco,,,,
Saksha906817_majesco,,,,
swapnil41444_majesco,,,,
Aniket908019_majesco,,,,
purna662684_majesco,,,,
Greg910204_majesco,,,,
Mosam911613_majesco,,,,
Siddha906197_majesco,,,,
Akshey911592_majesco,,,,
pravint_majesco,,,,
Vivek12524_majesco,,,,
Heet906155_majesco,,,,
nakul662124_majesco,,,,
abhish662519_majesco,,,,
Milan905728_majesco,,,,
Ashuto910005_majesco,,,,
Tushar10811_majesco,,,,
Chaita663213_majesco,,,,
Pavan663577_majesco,,,,
Madhur909647_majesco,,,,
Nishan663853_majesco,,,,
Sushan906666_majesco,,,,
Venkat460500_majesco,,,,
Sangit906646_majesco,,,,
Sudhak664038_majesco,,,,
Gayath906435_majesco,,,,
mohamma12901_majesco,,,,
mohammad440107_majesco,,,,
Shiva911509_majesco,,,,
Vidhi910171_majesco,,,,
Yogesh911645_majesco,,,,
Priya911701_majesco,,,,
Rajesh911579_majesco,,,,
Neha911516_majesco,,,,
Rohit911331_majesco,,,,
Mahend911408_majesco,,,,
Niketa904053_majesco,,,,
Rohit664057_majesco,,,,
sheetalsg_majesco,,,,
Paul910189_majesco,,,,
David910219_majesco,,,,
Eunmin910220_majesco,,,,
Mullai910283_majesco,,,,
Lavany909684_majesco,,,,
Sathee906116_majesco,,,,
Nilesh904586_majesco,,,,
Shweta911168_majesco,,,,
Sunite905909_majesco,,,,
Sandip906387_majesco,,,,
Muddyr911167_majesco,,,,
Pandit909215_majesco,,,,
Wyatt908123_majesco,,,,
Dhanen904974_majesco,,,,
Mahesw910764_majesco,,,,
Abhish910169_majesco,,,,
Pravee908232_majesco,,,,
Shaifa911200_majesco,,,,
Gaurav911761_majesco,,,,
Ankita908209_majesco,,,,
Pinaki663728_majesco,,,,
Kavita911653_majesco,,,,
Divyan911621_majesco,,,,
Datta911600_majesco,,,,
Mohani911713_majesco,,,,
Akshay911688_majesco,,,,
Dnyane908888_majesco,,,,
Ratnam911620_majesco,,,,
Shiva908662_majesco,,,,
Rahul906864_majesco,,,,
Snehal909300_majesco,,,,
Vidyar909907_majesco,,,,
Teja911596_majesco,,,,
Bhausa911270_majesco,,,,
Parvat908463_majesco,,,,
Lavany911227_majesco,,,,
Muthu910706_majesco,,,,
Sanket905118_majesco,,,,
SyedSh911749_majesco,,,,
Akshay907741_majesco,,,,
Bhagya908729_majesco,,,,
Afzalh911747_majesco,,,,
Shekha911199_majesco,,,,
Pawan906300_majesco,,,,
Komal911711_majesco,,,,
Sagar87113_majesco,,,,
pradeep440114_majesco,,,,
rohit440200_majesco,,,,
Premkk460155_majesco,,,,
jitendra440313_majesco,,,,
amita661910_majesco,,,,
prachika_majesco,,,,
ashisha_majesco,,,,
bhushandm_majesco,,,,
mithily_majesco,,,,
vijendra440038_majesco,,,,
Vinod87123_majesco,,,,
sunil440100_majesco,,,,
shilpa440013_majesco,,,,
jigneshs440095_majesco,,,,
deepakvk_majesco,,,,
Manoj661691_majesco,,,,
hardikm_majesco,,,,
lakshmir_majesco,,,,
saurab150181_majesco,,,,
Ranganathan10663_majesco,,,,
piyush661979_majesco,,,,
Aamrin661414_majesco,,,,
Sachin11876_majesco,,,,
Rakesh661619_majesco,,,,
ashish440040_majesco,,,,
manish440399_majesco,,,,
Deepti10250_majesco,,,,
nayana570187_majesco,,,,
harishb_majesco,,,,
madhura440092_majesco,,,,
tapanp_majesco,,,,
pravinss_majesco,,,,
Trupti10836_majesco,,,,
prasha150140_majesco,,,,
dilips_majesco,,,,
vipin460017_majesco,,,,
Vaishal11500_majesco,,,,
manishw_majesco,,,,
Susann9473_majesco,,,,
nitin661751_majesco,,,,
Jay10830_majesco,,,,
sonal662526_majesco,,,,
manoj440019_majesco,,,,
Rohit661447_majesco,,,,
Vineet663604_majesco,,,,
mukul661750_majesco,,,,
subhas661767_majesco,,,,
Ajit11178_majesco,,,,
Anita13059_majesco,,,,
Hentry11853_majesco,,,,
Neil87220_majesco,,,,
Shradha11441_majesco,,,,
prashali440262_majesco,,,,
shubhr662952_majesco,,,,
Manisha10759_majesco,,,,
yashti661904_majesco,,,,
Neha10264_majesco,,,,
Mahendi11265_majesco,,,,
shantanuv_majesco,,,,
suddal662509_majesco,,,,
Paras11990_majesco,,,,
pramod662750_majesco,,,,
Swati12550_majesco,,,,
avinas662579_majesco,,,,
ankurm_majesco,,,,
kavita440131_majesco,,,,
Shrikrishna10595_majesco,,,,
Vikash12912_majesco,,,,
sadhanas_majesco,,,,
Jyoti12890_majesco,,,,
meena440081_majesco,,,,
Rameshw11225_majesco,,,,
Reshmi13070_majesco,,,,
Amit11799_majesco,,,,
Ravira661809_majesco,,,,
hemantms_majesco,,,,
shradd661746_majesco,,,,
neeraj440290_majesco,,,,
Abhay9522_majesco,,,,
kiranv_majesco,,,,
nitin661925_majesco,,,,
Amit12337_majesco,,,,
Mohammad10696_majesco,,,,
Chidan663567_majesco,,,,
Prerana10603_majesco,,,,
Nilesh9752_majesco,,,,
shwetacs_majesco,,,,
shalaka440356_majesco,,,,
vishal661836_majesco,,,,
vivekdk_majesco,,,,
Shital13142_majesco,,,,
Manish661681_majesco,,,,
rajeevm_majesco,,,,
Fatema12831_majesco,,,,
Vipul11230_majesco,,,,
vaibhavk1_majesco,,,,
Sweta663005_majesco,,,,
Narendr13216_majesco,,,,
Swapnil9671_majesco,,,,
Taher570124_majesco,,,,
dipakt_majesco,,,,
Ram12405_majesco,,,,
Ritwik661437_majesco,,,,
sunil662225_majesco,,,,
jitendra440134_majesco,,,,
Benjam904118_majesco,,,,
Yash663043_majesco,,,,
Daniel902693_majesco,,,,
Aidan903461_majesco,,,,
Riya663222_majesco,,,,
hussai150362_majesco,,,,
Carlos902690_majesco,,,,
rohit662542_majesco,,,,
Makara903887_majesco,,,,
Brian904203_majesco,,,,
Madhav903979_majesco,,,,
Alex903506_majesco,,,,
Manish903443_majesco,,,,
Balakr902686_majesco,,,,
Sayali663881_majesco,,,,
Sanjay663573_majesco,,,,
paresh662295_majesco,,,,
Suraj902947_majesco,,,,
Ashwin902996_majesco,,,,
Kinjal903340_majesco,,,,
Jun903465_majesco,,,,
Valmik663485_majesco,,,,
Michae902695_majesco,,,,
Seemai904473_majesco,,,,
Hafizu903022_majesco,,,,
Prachi663749_majesco,,,,
Abhish663647_majesco,,,,
abhije662921_majesco,,,,
Roshmi902862_majesco,,,,
Kriste902681_majesco,,,,
Colum903483_majesco,,,,
Sanjay663374_majesco,,,,
Bret902688_majesco,,,,
Michel903507_majesco,,,,
mohamm570147_majesco,,,,
Seshu904530_majesco,,,,
shashi903823_majesco,,,,
Damian904148_majesco,,,,
narayanba_majesco,,,,
Rahul902502_majesco,,,,
Manjunath10541_majesco,,,,
Victor87221_majesco,,,,
Murtaz903305_majesco,,,,
Kelly902734_majesco,,,,
Sundar903875_majesco,,,,
Aaron904155_majesco,,,,
Mark87208_majesco,,,,
Swapni664044_majesco,,,,
John903477_majesco,,,,
Poonam150456_majesco,,,,
Gaurav903264_majesco,,,,
Ian87205_majesco,,,,
Aishwa663640_majesco,,,,
jinal662648_majesco,,,,
Sagar904543_majesco,,,,
Hector903454_majesco,,,,
ashvin662899_majesco,,,,
megha662522_majesco,,,,
jayesh662375_majesco,,,,
lynn903484_majesco,,,,
Nisha903773_majesco,,,,
Suraj664147_majesco,,,,
Sudhak904317_majesco,,,,
manjir662655_majesco,,,,
Manish663160_majesco,,,,
Hina663257_majesco,,,,
Abhiji663565_majesco,,,,
Paul87228_majesco,,,,
Yogesh663607_majesco,,,,
Arun663488_majesco,,,,
Swaral663037_majesco,,,,
Pratap664215_majesco,,,,
Stiofa903478_majesco,,,,
Neha663714_majesco,,,,
Sushan903983_majesco,,,,
Shiva903650_majesco,,,,
Robert902713_majesco,,,,
sonam662322_majesco,,,,
Alisha906433_majesco,,,,
Sonali906529_majesco,,,,
Priti906037_majesco,,,,
Swapni905961_majesco,,,,
Rowan906848_majesco,,,,
Wajid906978_majesco,,,,
Trey904114_majesco,,,,
Rahul905572_majesco,,,,
Ashish906033_majesco,,,,
Ranjit906350_majesco,,,,
Jeffre904201_majesco,,,,
Phanee906602_majesco,,,,
Robin904735_majesco,,,,
Anup906178_majesco,,,,
Matthe904152_majesco,,,,
Walter905781_majesco,,,,
Shrika904636_majesco,,,,
Adarsh906084_majesco,,,,
Dustin904491_majesco,,,,
Rahul906301_majesco,,,,
Nitin907124_majesco,,,,
Shruti906147_majesco,,,,
Komal904634_majesco,,,,
Neethu904383_majesco,,,,
Suraj906082_majesco,,,,
Swapni906578_majesco,,,,
Pradee905492_majesco,,,,
Pavani905930_majesco,,,,
Trupti904873_majesco,,,,
Asmita904995_majesco,,,,
Vinay906938_majesco,,,,
Ron904206_majesco,,,,
Aniket904388_majesco,,,,
Shreel906080_majesco,,,,
Sanket906024_majesco,,,,
Daniel904174_majesco,,,,
Sumon906240_majesco,,,,
Ashish906772_majesco,,,,
Vikram906078_majesco,,,,
Jacob904117_majesco,,,,
Ben904190_majesco,,,,
Yatin905879_majesco,,,,
Gautam904737_majesco,,,,
Piyush904928_majesco,,,,
Stephe905107_majesco,,,,
Sujata906063_majesco,,,,
Jagrut906373_majesco,,,,
Gregor904135_majesco,,,,
Brian904166_majesco,,,,
Vipin905821_majesco,,,,
Ranvir905613_majesco,,,,
Pramod906447_majesco,,,,
Pradee906746_majesco,,,,
Ken904144_majesco,,,,
Aaron905237_majesco,,,,
YADNYE905592_majesco,,,,
Ranjan904819_majesco,,,,
Gregor904202_majesco,,,,
Dennis904105_majesco,,,,
Deepak905235_majesco,,,,
Bibin905432_majesco,,,,
Michael904675_majesco,,,,
Jagann905805_majesco,,,,
Gary904153_majesco,,,,
Patric905278_majesco,,,,
Anil908417_majesco,,,,
Vinay908094_majesco,,,,
Chiran907952_majesco,,,,
Garima908548_majesco,,,,
Pravin907683_majesco,,,,
Mohamm908316_majesco,,,,
Tania908623_majesco,,,,
Anubha908732_majesco,,,,
Inzama908098_majesco,,,,
Abhije908892_majesco,,,,
Salvat908004_majesco,,,,
Sheenu907919_majesco,,,,
Chunmi908344_majesco,,,,
Jordan908319_majesco,,,,
Diksha908129_majesco,,,,
Suong908365_majesco,,,,
Golden907833_majesco,,,,
Ogechi908343_majesco,,,,
Bhupen908511_majesco,,,,
Devind908321_majesco,,,,
Stephe908597_majesco,,,,
Aavina907750_majesco,,,,
Maulin908348_majesco,,,,
Srival909034_majesco,,,,
Danny908333_majesco,,,,
saif908315_majesco,,,,
Priya908036_majesco,,,,
Deyang908320_majesco,,,,
Yogesh909018_majesco,,,,
Nikhil908113_majesco,,,,
RICHA907334_majesco,,,,
Akshay908950_majesco,,,,
Patric908311_majesco,,,,
Rajeev908829_majesco,,,,
Amrutk909000_majesco,,,,
Kriste907731_majesco,,,,
Vijayk907912_majesco,,,,
Nandin908360_majesco,,,,
Nihari908239_majesco,,,,
Sawant907195_majesco,,,,
Vinay908943_majesco,,,,
Sam908331_majesco,,,,
Nathan908314_majesco,,,,
Nidhi908754_majesco,,,,
Kamini907464_majesco,,,,
Humza908341_majesco,,,,
Shaile908568_majesco,,,,
Siddha908221_majesco,,,,
Vimala907191_majesco,,,,
Lyn908323_majesco,,,,
Vaishn909103_majesco,,,,
Vagif908813_majesco,,,,
Jitend907587_majesco,,,,
Vedant908999_majesco,,,,
Mayank907388_majesco,,,,
Ravind907955_majesco,,,,
John907686_majesco,,,,
Narmad908904_majesco,,,,
Parvez908116_majesco,,,,
Atima908628_majesco,,,,
Dongha908317_majesco,,,,
Nikhil907286_majesco,,,,
Triste908324_majesco,,,,
Akash907794_majesco,,,,
Alok909002_majesco,,,,
Vinodi907386_majesco,,,,
Clint910233_majesco,,,,
Lena910214_majesco,,,,
John910280_majesco,,,,
Devesh910216_majesco,,,,
Michae910193_majesco,,,,
Nazira910266_majesco,,,,
Athira909807_majesco,,,,
Sandee910024_majesco,,,,
Prasad909623_majesco,,,,
MadhuL909544_majesco,,,,
Richar909394_majesco,,,,
Piyush909347_majesco,,,,
Mahesh910645_majesco,,,,
Alan910205_majesco,,,,
Russel910238_majesco,,,,
Steven910191_majesco,,,,
Willia910250_majesco,,,,
Mohamm910022_majesco,,,,
Russ910308_majesco,,,,
Nuvia910203_majesco,,,,
Steven910275_majesco,,,,
Karen910262_majesco,,,,
Matt910237_majesco,,,,
Sandy910265_majesco,,,,
Meera910644_majesco,,,,
Mamta910531_majesco,,,,
Mala910182_majesco,,,,
MohanD909797_majesco,,,,
Zane910295_majesco,,,,
Christ910185_majesco,,,,
JeongM909407_majesco,,,,
Shelia910211_majesco,,,,
Krysta910263_majesco,,,,
SatyaN909532_majesco,,,,
Myra910287_majesco,,,,
Alvin910258_majesco,,,,
SHRIKA910358_majesco,,,,
Aju910252_majesco,,,,
Tarand909963_majesco,,,,
BHARAN909682_majesco,,,,
Lynett910279_majesco,,,,
Jiayu909406_majesco,,,,
Charle910239_majesco,,,,
Sue910188_majesco,,,,
Dipti909500_majesco,,,,
Chandi909900_majesco,,,,
Lisa910304_majesco,,,,
Jonath910313_majesco,,,,
Soumya909284_majesco,,,,
Deepa910243_majesco,,,,
Karin910215_majesco,,,,
Subhaj909567_majesco,,,,
Ramesh909681_majesco,,,,
Shital910494_majesco,,,,
Nichol910208_majesco,,,,
Rehman909779_majesco,,,,
Zachar910294_majesco,,,,
Casey910261_majesco,,,,
Archan910267_majesco,,,,
ANUJ910053_majesco,,,,
Mark910207_majesco,,,,
Niketa909396_majesco,,,,
Wei910260_majesco,,,,
Arumit909676_majesco,,,,
Sangee909564_majesco,,,,
Jesse910241_majesco,,,,
Allan910183_majesco,,,,
Janice910254_majesco,,,,
Vincen910306_majesco,,,,
Abiram909949_majesco,,,,
Dan910187_majesco,,,,
Christ910184_majesco,,,,
Abhina909657_majesco,,,,
Madhuj910377_majesco,,,,
Priti909861_majesco,,,,
Bibhee909988_majesco,,,,
Tony910224_majesco,,,,
Jonnal910042_majesco,,,,
Eva910246_majesco,,,,
Shucun910196_majesco,,,,
Erqi910259_majesco,,,,
Sean910234_majesco,,,,
Prasad909547_majesco,,,,
Rishab910375_majesco,,,,
Ryan910212_majesco,,,,
Mrunal909984_majesco,,,,
Karthi909866_majesco,,,,
Latish909466_majesco,,,,
Mohit910023_majesco,,,,
Aleli910286_majesco,,,,
Barbar910236_majesco,,,,
Priyan909928_majesco,,,,
Jonath910235_majesco,,,,
Kumari910376_majesco,,,,
Rahul910115_majesco,,,,
Robb910312_majesco,,,,
Keanu910199_majesco,,,,
MIchae910278_majesco,,,,
Puteri910230_majesco,,,,
John910314_majesco,,,,
Lydia910213_majesco,,,,
Christ910273_majesco,,,,
Rahul910198_majesco,,,,
Scott910255_majesco,,,,
Bhavin910600_majesco,,,,
Rajesh910110_majesco,,,,
Mina910303_majesco,,,,
James910202_majesco,,,,
Harsha910028_majesco,,,,
Dadhan909832_majesco,,,,
Donna910229_majesco,,,,
Joseph910222_majesco,,,,
Xiangh911603_majesco,,,,
Sandip911537_majesco,,,,
Voorva911239_majesco,,,,
Chakka910702_majesco,,,,
Debend911594_majesco,,,,
Rohan911294_majesco,,,,
Rajesh911773_majesco,,,,
Dilip910678_majesco,,,,
Chaitr910969_majesco,,,,
Fangch911593_majesco,,,,
Riya910868_majesco,,,,
Manges911293_majesco,,,,
Manish911328_majesco,,,,
Nilesh911236_majesco,,,,
Mahesh911623_majesco,,,,
Neha911755_majesco,,,,
Vinaya910866_majesco,,,,
Anish911110_majesco,,,,
Mayur911584_majesco,,,,
Bargav911686_majesco,,,,
Emily911050_majesco,,,,
Ankush911352_majesco,,,,
Archan911618_majesco,,,,
Vaness911012_majesco,,,,
Saumya910731_majesco,,,,
Geeta911314_majesco,,,,
Vasant911271_majesco,,,,
Krishn910901_majesco,,,,
Pratyu911548_majesco,,,,
Richar911514_majesco,,,,
Kedarn911228_majesco,,,,
Raj911681_majesco,,,,
Kevin911261_majesco,,,,
Jagipr911703_majesco,,,,
S-910821_majesco,,,,
Pratha911424_majesco,,,,
Jayach911209_majesco,,,,
Koustu911158_majesco,,,,
Archan911345_majesco,,,,
Reshu911576_majesco,,,,
Amit910704_majesco,,,,
Nisha910992_majesco,,,,
Sanjay911208_majesco,,,,
Sravya911491_majesco,,,,
Rajash911574_majesco,,,,
Pratik911194_majesco,,,,
Abhish911337_majesco,,,,
Rajesh911371_majesco,,,,
Vaibha911612_majesco,,,,
Revath911784_majesco,,,,
Megha911781_majesco,,,,
Ajay911799_majesco,,,,
Mohamm911800_majesco,,,,
Mohamm911813_majesco,,,,
Syed911836_majesco,,,,
Deepik911837_majesco,,,,
Suryan911854_majesco,,,,
Kirank911856_majesco,,,,
Mounik911857_majesco,,,,
Koluku911864_majesco,,,,
Prerna911867_majesco,,,,
Redrou911887_majesco,,,,
Siddhe911893_majesco,,,,
S-Suri911903_majesco,,,,
Mohamm911910_majesco,,,,
Yogesh911935_majesco,,,,
Tarun911896_majesco,,,,
Shoaib911946_majesco,,,,
Madhav911949_majesco,,,,
Sayali911969_majesco,,,,
Rajdee911972_majesco,,,,
Syed911990_majesco,,,,
Preeta912023_majesco,,,,
Prativ912115_majesco,,,,
Lokesh912119_majesco,,,,
Rajak912111_majesco,,,,
AtaurR912122_majesco,,,,
Mojes912133_majesco,,,,
Kiran912150_majesco,,,,
Johnsy912159_majesco,,,,
OAadmin_majesco,,,,
Aishwa912172_majesco,,,,
Abhila912173_majesco,,,,
Nagaru912209_majesco,,,,
KKrish912212_majesco,,,,
Rishu912131_majesco,,,,
Pallav912222_majesco,,,,
Swapni912239_majesco,,,,
Dilini912240_majesco,,,,
Jajati912251_majesco,,,,
Sanjee912261_majesco,,,,
Prawin912264_majesco,,,,
Rishab912263_majesco,,,,
Meera912272_majesco,,,,
Aditya912281_majesco,,,,
Rajesh912285_majesco,,,,
Ashish912297_majesco,,,,
Satyaj912309_majesco,,,,
Jestin904931_majesco,,,,
Asmita912333_majesco,,,,
Sushan912332_majesco,,,,
Himans912341_majesco,,,,
Varsha912350_majesco,,,,
Shweta912337_majesco,,,,
Daniel912362_majesco,,,,
uwb-builder_majesco,,,,
Raj912379_majesco,,,,
Rohan912386_majesco,,,,
Shaist912391_majesco,,,,
Nimmag912399_majesco,,,,
Sakrit912406_majesco,,,,
Abhiji912419_majesco,,,,
Sonraj912420_majesco,,,,
Supriy912430_majesco,,,,
Shweta912438_majesco,,,,
Imran912445_majesco,,,,
Aditya912448_majesco,,,,
Ashish912454_majesco,,,,
Tanu912461_majesco,,,,
Aishwa912468_majesco,,,,
Abhish912473_majesco,,,,
Shradd912474_majesco,,,,
Jackso912475_majesco,,,,
Pratik912479_majesco,,,,
Ruchik912486_majesco,,,,
Himans912491_majesco,,,,
Mohit912502_majesco,,,,
Abhina912659_majesco,,,,
Krzysz912709_majesco,,,,
Matthe912716_majesco,,,,
Sairam913231_majesco,,,,
Mounik913556_majesco,,,,
Mark913634_majesco,,,,
Karthi912926_majesco,,,,
John912838_majesco,,,,
Sridev913121_majesco,,,,
Ahmed913169_majesco,,,,
Ramesh912785_majesco,,,,
Azhar912769_majesco,,,,
Bibek913333_majesco,,,,
Thathi913874_majesco,,,,
Hua912825_majesco,,,,
Gopich912751_majesco,,,,
Nikhil913024_majesco,,,,
Divya913667_majesco,,,,
Noah913877_majesco,,,,
Mallik913363_majesco,,,,
Sainat913640_majesco,,,,
Sohail912847_majesco,,,,
Pranja913755_majesco,,,,
Aditya913038_majesco,,,,
Shree913191_majesco,,,,
Manika912935_majesco,,,,
Kennet912765_majesco,,,,
Bishun913951_majesco,,,,
Manoj912548_majesco,,,,
Pavan912911_majesco,,,,
Charan913550_majesco,,,,
Moin913758_majesco,,,,
Sanjee913563_majesco,,,,
Nayana913144_majesco,,,,
Lokesw912806_majesco,,,,
Stephe913525_majesco,,,,
Tharun913443_majesco,,,,
Sandee912977_majesco,,,,
Vyshna913618_majesco,,,,
Karthi913044_majesco,,,,
Akshay912764_majesco,,,,
Amit912613_majesco,,,,
Ananth913385_majesco,,,,
Jehabt912615_majesco,,,,
Wasay913427_majesco,,,,
Alan912910_majesco,,,,
Raghav913010_majesco,,,,
Prathy913506_majesco,,,,
Ravi913593_majesco,,,,
Christ913905_majesco,,,,
Sunil912758_majesco,,,,
Suruch913106_majesco,,,,
Nagamo912874_majesco,,,,
Nirmal913853_majesco,,,,
Vincen913641_majesco,,,,
Ciara913242_majesco,,,,
Pavith912831_majesco,,,,
Abhila913462_majesco,,,,
Srikan913914_majesco,,,,
Manoj913688_majesco,,,,
Pankaj913043_majesco,,,,
Satish912903_majesco,,,,
Sivaku913090_majesco,,,,
Harikr913187_majesco,,,,
Dhanas913374_majesco,,,,
Pravee912808_majesco,,,,
Chamun913019_majesco,,,,
Richik913387_majesco,,,,
Hariha913459_majesco,,,,
Pratik913980_majesco,,,,
Rahul914038_majesco,,,,
Viplav914098_majesco,,,,
Chirag912490_majesco,,,,
Saad914185_majesco,,,,
Suchet914192_majesco,,,,
Adithy914195_majesco,,,,
Naveen914213_majesco,,,,
Vinuth914239_majesco,,,,
Gaurav914243_majesco,,,,
Varshi914258_majesco,,,,
Rakesh914312_majesco,,,,
Vaibha914324_majesco,,,,
Kartik914326_majesco,,,,
Javier914350_majesco,,,,
Tanmay914361_majesco,,,,
Jada914373_majesco,,,,
Abhije914379_majesco,,,,
Vaikun914378_majesco,,,,
ShaikA914407_majesco,,,,
Palerm914415_majesco,,,,
AnoopK914417_majesco,,,,
Kunal914419_majesco,,,,
Samiks914510_majesco,,,,
MNaga914513_majesco,,,,
Iswary914516_majesco,,,,
Dincy914518_majesco,,,,
Prithv914526_majesco,,,,
Blessy914533_majesco,,,,
Sunil914538_majesco,,,,
Roshan914544_majesco,,,,
Sagar914553_majesco,,,,
Priyan914569_majesco,,,,
Bhagya914573_majesco,,,,
Ismail914579_majesco,,,,
Pravee914592_majesco,,,,
Correa914604_majesco,,,,
Sandhy914603_majesco,,,,
Yang914605_majesco,,,,
Parede914601_majesco,,,,
Stepan914606_majesco,,,,
Ajinky914602_majesco,,,,
Somana914612_majesco,,,,
Sarany914627_majesco,,,,
Pankaj914630_majesco,,,,
Kumari914644_majesco,,,,
Vashis914661_majesco,,,,
Nirupa914671_majesco,,,,
Anudip914688_majesco,,,,
Sravya914696_majesco,,,,
Umapat914701_majesco,,,,
Dulipa914706_majesco,,,,
Rajkum914719_majesco,,,,
VChand914711_majesco,,,,
Pooja914743_majesco,,,,
Lavany914784_majesco,,,,
Nikita914783_majesco,,,,
Payal914788_majesco,,,,
AnneAm914790_majesco,,,,
Shanta914792_majesco,,,,
Anubha914799_majesco,,,,
SHALEE914806_majesco,,,,
Manika912481_majesco,,,,
SaiPra914803_majesco,,,,
Sneha914819_majesco,,,,
Aarti914821_majesco,,,,
Badeti914829_majesco,,,,
Pratha914839_majesco,,,,
Anurag914840_majesco,,,,
Pallav914841_majesco,,,,
Tanner914843_majesco,,,,
Anuja914845_majesco,,,,
Vishal914865_majesco,,,,
Yuvara914873_majesco,,,,
Mayuri914894_majesco,,,,
Venkat914904_majesco,,,,
Bhoomi914913_majesco,,,,
Lakshm914915_majesco,,,,
Kalyan914936_majesco,,,,
Shubha914940_majesco,,,,
Nipun914952_majesco,,,,
